epoch,train_loss,dev_loss,dev_correctness,dev_accuracy,dev_PER
1,11.722294852961248,6.58657652537028,0.03341972445778202,0.03341972445778202,0.9665802755422179
2,6.751668558647884,5.659649658203125,0.06895375801391351,0.06895375801391351,0.9310462419860864
3,4.102123208980465,3.756029232343038,0.0002046105579047879,0.0002046105579047879,0.9997953894420952
4,3.618513858498041,3.425035659472148,0.00982130677942982,0.00982130677942982,0.9901786932205702
5,3.308480913315586,2.99756813844045,0.02939571681898786,0.02939571681898786,0.9706042831810121
6,2.912125317894634,2.5426568746566773,0.06547537852953213,0.06547537852953213,0.9345246214704679
7,2.499136804935321,2.029662330945333,0.2555585868230801,0.2554903833037785,0.7445096166962215
8,2.091084700732974,1.587782899538676,0.4944073114172691,0.49379347974355475,0.5062065202564452
9,1.7257616424081315,1.2290487249692281,0.7035193015959623,0.7001773291501842,0.29982267084981584
10,1.436089388689204,0.9930631498495738,0.8068476333378802,0.7998226708498158,0.20017732915018416
11,1.2315217421282476,0.8454385340213776,0.8432683126449325,0.8339926340199154,0.16600736598008456
12,1.0905092738980624,0.7403074691692988,0.8683672077479198,0.8569090165052516,0.14309098349474833
13,0.9795999500020665,0.6665982673565547,0.884872459418906,0.8732778611376347,0.1267221388623653
14,0.9000081428930388,0.6139475415150325,0.8930568817350976,0.8805756377029055,0.11942436229709454
15,0.8353046565199617,0.5690741290648779,0.9000136407038604,0.8885554494611922,0.11144455053880781
16,0.7776393737625237,0.535142199198405,0.9084708770972583,0.8961260401036694,0.10387395989633065
17,0.7362644696355465,0.5062729020913442,0.9124266812167507,0.9003546583003683,0.0996453416996317
18,0.6929394394608598,0.47943243781725564,0.9174055381257673,0.9055381257672895,0.09446187423271041
19,0.658587422203179,0.4563992420832316,0.9224525985540853,0.9103123721184013,0.08968762788159869
20,0.6299834922330463,0.43497281273206073,0.925726367480562,0.9144727867957987,0.08552721320420134
21,0.6043429530445655,0.4196656326452891,0.9294093575228481,0.9172009275678625,0.0827990724321375
22,0.5738680093132671,0.4053733160098394,0.9319328877370072,0.9192470331469104,0.08075296685308962
23,0.5565785502069559,0.39169810314973197,0.9341836038739599,0.921838766880371,0.07816123311962897
24,0.5374189183939642,0.37837303976217906,0.935002046105579,0.9236802619015141,0.07631973809848588
25,0.5165499045920732,0.3680520161986351,0.9369117446460238,0.9257945709998636,0.07420542900013641
26,0.5038570563996857,0.35723799814780555,0.9390942572636748,0.9283863047333243,0.07161369526667576
27,0.49003352112506504,0.3490297059218089,0.9418223980357386,0.9304324103123721,0.06956758968762788
28,0.47570469017004846,0.34096640000740686,0.9429136543445642,0.9314554631018961,0.06854453689810394
29,0.4602912918257354,0.3342503413558006,0.9428454508252626,0.9313872595825945,0.06861274041740553
30,0.4484787872388734,0.32809929301341373,0.9445505388078025,0.9335697722002455,0.06643022779975447
31,0.44080535168923324,0.3224256431063016,0.9463920338289455,0.935002046105579,0.06499795389442095
32,0.42855449612416213,0.31495998476942383,0.9472786795798663,0.9367753376074205,0.06322466239257946
33,0.4204442035313228,0.30998700608809787,0.9484381394079935,0.9372527622425317,0.06274723775746828
34,0.4089659266735441,0.3063768041630586,0.9486427499658983,0.9380030009548492,0.06199699904515073
35,0.4024142432003165,0.3018228977918625,0.9485063429272951,0.9389578502250716,0.06104214977492839
36,0.39631223678588867,0.2959276614089807,0.9504160414677397,0.9397080889373892,0.06029191106261083
37,0.38709516059513666,0.2954284685353438,0.9497340062747238,0.9394352748601827,0.06056472513981721
38,0.38108435168338184,0.289654582987229,0.9505524485063429,0.9406629382076115,0.059337061792388485
39,0.37278465132916994,0.28841520299514134,0.9512344836993589,0.9416859909971355,0.05831400900286455
40,0.369380908470657,0.2838249089817206,0.9524621470467877,0.9425044332287547,0.0574955667712454
41,0.36550358641686753,0.28146592775980633,0.9525985540853908,0.9422998226708498,0.057700177329150185
42,0.3546620222491835,0.2773783452808857,0.9541672350293275,0.9440049106533898,0.05599508934661029
43,0.3491407826767495,0.27502869119246803,0.9540308279907244,0.9438003000954849,0.05619969990451507
44,0.343235041328411,0.27309788862864176,0.9554631018960579,0.9455053880780249,0.054494611921975175
45,0.3391636961968101,0.2685294322669506,0.9551220842995498,0.9450961669622152,0.05490383303778475
46,0.3313958727235171,0.26727984597285587,0.9553948983767563,0.945641795116628,0.05435820488337198
47,0.33018046288035025,0.2660223492731651,0.9561451370890738,0.9463920338289455,0.05360796617105443
48,0.32675477884822157,0.26105790672202905,0.9570317828399946,0.9470740690219616,0.052925930978038466
49,0.32267917250868067,0.2620900904138883,0.9560087300504706,0.9461192197517392,0.05388078024826081
50,0.3156374606804632,0.26087564614911873,0.9558723230118674,0.9468694584640568,0.05313054153594325
51,0.3115362343027364,0.25575022685031096,0.956963579320693,0.9480289182921838,0.05197108170781612
52,0.3105713575329613,0.25351616901655993,0.9583958532260265,0.9487109534851998,0.051289046514800166
53,0.303183025526042,0.25043397955596447,0.9571681898785978,0.949188378120311,0.05081162187968899
54,0.2991842962239855,0.25164139121770857,0.9585322602646297,0.9498022097940254,0.050197790205974625
55,0.2973034580299004,0.250819909820954,0.9581230391488201,0.9503478379484381,0.04965216205156186
56,0.2947342165151433,0.24890578414003053,0.9583276497067249,0.950211430909835,0.049788569090165054
57,0.2892447758334965,0.24630380099018415,0.9579866321102168,0.9504160414677397,0.04958395853226027
58,0.2846017006279236,0.24675501957535745,0.9584640567453281,0.9504160414677397,0.04958395853226027
59,0.2863128990983244,0.24245534352958203,0.959487109534852,0.9510298731414542,0.048970126858545904
60,0.27997688125425846,0.2437434636056423,0.9592142954576456,0.9505524485063429,0.04944755149365707
61,0.2773694986449414,0.24061163626611232,0.959487109534852,0.9513708907379621,0.04862910926203792
62,0.2735534232091065,0.23866004919012387,0.9603055517664711,0.9512344836993589,0.04876551630064111
63,0.27093275640178566,0.23951394284764926,0.9610557904787888,0.952052925930978,0.04794707406902196
64,0.26765176803622415,0.2344669383019209,0.9606465693629791,0.9522575364888828,0.047742463511117175
65,0.26471136937189343,0.23597099681695302,0.9616696221525031,0.9532123857591052,0.04678761424089483
66,0.26106773481596657,0.23484814676145713,0.9611921975173919,0.9528713681625972,0.04712863183740281
67,0.26004108947575394,0.2344900093972683,0.9615332151138999,0.9533487927977083,0.046651207202291635
68,0.25729807694653173,0.234410227338473,0.962010639749011,0.9532805892784068,0.04671941072159323
69,0.25523111699663814,0.22982174816230933,0.9629654890192334,0.9549856772609466,0.045014322739053335
70,0.25332966989758027,0.2309415285785993,0.9626244714227254,0.9542354385486291,0.04576456145137089
71,0.24841637463875152,0.23035894657174746,0.9622834538262174,0.9550538807802482,0.04494611921975174
72,0.2431422589562047,0.22888372478385766,0.9633747101350429,0.9555313054153595,0.04446869458464057
73,0.24414050028701523,0.22636455148458481,0.9633747101350429,0.9555313054153595,0.04446869458464057
74,0.24070651488537764,0.22502327238519987,0.963033692538535,0.9548492702223434,0.04515072977765653
75,0.2383271536635394,0.22390584486226242,0.9650797981175828,0.9567589687627882,0.04324103123721184
76,0.23708713912035353,0.2218366110076507,0.9644659664438685,0.9567589687627882,0.04324103123721184
77,0.2375434358889733,0.22175343309839565,0.9647387805210749,0.956963579320693,0.043036420679307054
78,0.23464686056627101,0.21957964139680067,0.9649433910789796,0.9571681898785978,0.04283181012140226
79,0.22895468075071748,0.2207973649725318,0.9642613558859637,0.9564179511662801,0.04358204883371982
80,0.22671185860681772,0.22168374732136725,0.9639885418087574,0.956963579320693,0.043036420679307054
81,0.22565962973252013,0.22007321553925674,0.9650797981175828,0.9568271722820898,0.04317282771791024
82,0.22101430535016947,0.21688413334389528,0.9642613558859637,0.9575092074751057,0.04249079252489429
83,0.22289775918476545,0.21585015083352724,0.9649433910789796,0.9583276497067249,0.04167235029327513
84,0.2188856441845846,0.21730842373023432,0.9666484790615196,0.9582594461874233,0.04174055381257673
85,0.21547458429432395,0.21399140891929466,0.9666484790615196,0.9590778884190424,0.04092211158095758
86,0.21845377607261715,0.2152711515625318,0.96623925794571,0.959146091938344,0.04085390806165598
87,0.2125166022597845,0.2139021308471759,0.9663074614650116,0.9581912426681217,0.041808757331878325
88,0.2096199745583774,0.21213577631860972,0.9678079388896467,0.9593507024962488,0.040649297503751194
89,0.20830396499166537,0.21215021529545386,0.9671941072159324,0.95982812713136,0.04017187286864002
90,0.2104776046009519,0.21041569461425144,0.9663074614650116,0.9596917200927568,0.040308279907243214
91,0.20352095264436013,0.21151134222745896,0.9674669212931387,0.9596917200927568,0.040308279907243214
92,0.20343321616101503,0.20940627492964267,0.9674669212931387,0.9607147728822807,0.03928522711771928
93,0.20122396054878905,0.20968485213816165,0.9675351248124403,0.9603737552857727,0.03962624471422725
94,0.19746118583646252,0.21035004587223133,0.9671259036966308,0.9602373482471696,0.03976265175283045
95,0.1976789122999613,0.21030323654413224,0.9665120720229163,0.9588732778611376,0.041126722138862364
96,0.19561101481243592,0.21082930391033491,0.9674669212931387,0.9595553130541536,0.04044468694584641
97,0.194371514995793,0.20881348010152578,0.9670577001773292,0.9603055517664711,0.03969444823352885
98,0.19263877818857006,0.20916360653936864,0.9672623107352339,0.9603055517664711,0.03969444823352885
99,0.19007970505024321,0.20738909468054773,0.9673987177738371,0.9603737552857727,0.03962624471422725
100,0.1903111911449001,0.20729208414753278,0.9688991951984722,0.9621470467876142,0.037852953212385756
101,0.18617765904970504,0.20723819987227518,0.968762788159869,0.9611921975173919,0.0388078024826081
